street_name,zip_code
1st Street,94945
2nd Street,94945
3rd Street,94945
4th Street,94945
5th Street,94945
6th Street,94945
7th Street,94945
8th Street,94945
A Street,94949
Aaron Court,94949
Aaron Drive,94949
Acacia Court,94945
Acapulco Court,94949
Acme Court,94949
Acorn Court,94949
Adams Court,94947
Adams Street,94947
Adele Street,94947
Adobe Court,94945
Adrienne Court,94945
Adrienne Street,94945
Airport Road,94945
Alameda de la Loma,94949
Alameda del Prado,94949
Albatross Drive,94945
Albion Court,94947
Alconbury Way,94949
Alder Place,94945
Alhambra Court,94949
Alice Street,94945
Almond Court,94947
Alpine Road,94945
Alta Vista Court,94949
Altamira Court,94949
Alter Lane,94945
Alyssum Court,94945
Amanda Lane,94947
Amber Court,94947
Amelia Drive,94949
Amelia Way,94949
Andale Avenue,94945
Anderson Way,94947
Andreas Circle,94945
Andreas Court,94945
Andrews Way,94949
Angel Court,94947
Angelica Court,94947
Anna Court,94945
Anthony Court,94947
Antoinette Court,94947
Anton Way,94945
Apollo Court,94947
Aram Court,94947
Arbor Circle,94947
Archibald Lane,94945
Aries Lane,94947
Arlene Way,94947
Arlington Circle,94947
Arlington Court,94947
Armstrong Avenue,94945
Arnold Drive,94949
Aronia Lane,94945
Arrowhead Lane,94949
Arroyo Lane,94947
Arthur Street,94947
Ash,94947
Ash Court,94949
Ashland Drive,94949
Ashley Court,94945
Aspen Drive,94945
Atherton Avenue,94945
Atherton Oaks Drive,94945
Autumn Court,94947
Avichi Knolls Drive,94947
Azalea Place,94949
Baca Vis,94947
Bachelors Road,94945
Badger Court,94949
Bahama Reef,94949
Bahia Drive,94945
Balboa Court,94949
Balra Drive,94947
Barcelona Drive,94949
Baruna Court,94945
Bay Canyon Road,94945
Bay Side,94947
Bay Tree Hollow,94945
Bayside Court,94947
Bayview Street,94945
Baywood Circle,94949
Bear Creek Road,94947
Beattie Avenue,94945
Becky Court,94949
Bel Marin Keys Boulevard,94949
Benton Lane,94945
Bermuda Harbor Boulevard,94949
Bermuda Harbour,94949
Betty Lane,94947
Beyer Court,94945
Binford Road,94945
Birchwood Drive,94947
Bird Court,94947
Birdie Drive,94949
Bishop Court,94945
Black John Road,94945
Black Oak Lane,94947
Blanca Drive,94947
Blodgett Lane,94947
Bloom Lane,94947
Blue Oak Court,94949
Bogey Lane,94949
Bolero Court,94945
Bolling Circle,94949
Bolling Drive,94949
Bonnie Brae Drive,94949
Borges Court,94947
Boulevard Court,94947
Boulevard Terrace,94947
Bradley Avenue,94947
Brassie Court,94949
Bret Court,94947
Briarwood Court,94947
Bridge Road,94945
Bridge Road,94947
Bridle Path Lane,94945
Britton Court,94947
Broadmoor Court,94949
Brockton Drive,94949
Brooke Drive,94947
Brookline Drive,94949
Brookside Court,94947
Brown Court,94947
Brown Drive,94947
Bruno Street,94945
Bryan Court,94945
Bryan Drive,94945
Buchanan Street,94947
Buckeye Court,94949
Buena Vis,94947
Buena Vis,94949
Bugeia Lane,94945
Burdell Court,94949
Burning Tree Drive,94949
Butterfield Drive,94945
C Street,94949
Cabro Court,94947
Cabro Ridge,94947
Caddy Court,94949
Cain Lane,94945
Calico Court,94947
California Condor Way,94949
Calypso Shores,94949
Cama Lane,94947
Cambridge Court,94947
Cambridge Hts,94947
Cambridge Street,94947
Camino Drive,94949
Campbell Court,94947
Canal Terrace,94945
Canyon Court,94947
Canyon Road,94947
Capetown Court,94947
Capilano Drive,94949
Capt Nurse Circle,94949
Captain Nurse Circle,94949
Caribe Isle,94949
Carisa Court,94945
Carlile Drive,94945
Carmel Court,94945
Carmel Drive,94945
Carmen Court,94945
Carnoustie Drive,94949
Carnoustie Hts,94949
Carob Way,94945
Carolyn Way,94945
Casa Grande Real,94949
Caspar Place,94947
Castle Court,94945
Casual Court,94947
Cavalla Cay,94949
Cecelia Lane,94947
Cedar Place,94945
Cedarwood Lane,94947
Celeste Court,94947
Center Road,94947
Cerro Crest Drive,94945
Cerruti Way,94945
Chamberlain Avenue,94947
Chamberlain Court,94947
Channel Drive,94945
Chaparral Court,94949
Chapel Hill Road,94949
Chardonnay Lane,94947
Charmaine Court,94949
Chase Street,94945
Cheda Knolls Drive,94947
Cheda Lane,94947
Cherry Court,94945
Cherry Hill Lane,94945
Cherry Street,94945
Christopher Court,94947
Churchill Lane,94945
Cielo Lane,94949
Cinnamon Teal Lane,94949
Circe Court,94945
Circle Court,94945
Citrus Place,94945
Claire Court,94949
Clarita Court,94947
Clausing Avenue,94945
Clausing Court,94945
Clay Court,94949
Clayton Court,94945
Clemente Court,94945
Cleo Court,94947
Cleo Street,94947
Cll Arboleda,94949
Cll de la Mesa,94949
Cll de la Selva,94949
Cll Empinado,94949
Cll Paseo,94949
Club Drive,94945
Club View Drive,94949
Cobblestone Court,94945
Colleen Court,94947
Columbine Lane,94947
Commercial Boulevard,94949
Conchita Court,94947
Concord Court,94947
Conifer Place,94945
Coranado Court,94945
Corinthian Court,94947
Corona Court,94945
Coronado Court,94945
Corte Alta,94949
Corte Arriba,94949
Corte Colina,94949
Corte del Cerro,94949
Corte Escuela,94949
Corte Norte,94949
Corte Roble,94949
Corte Sur,94949
Cortez Circle,94949
Costa Court,94947
Cottonwood Place,94945
Country Club Drive,94949
Country Lane,94945
Court Road,94945
Courtney Way,94945
Cowbarn Lane,94947
Craig Court,94949
Creekside Court,94945
Creekview Court,94949
Crescent Drive,94949
Crescent Lane,94947
Crest Road,94945
Cricklewood Drive,94947
Crissy Place,94949
Cross Creek Way,94945
Crossroads,94947
Crystal Court,94949
Curlew Way,94949
Cutlass Drive,94947
Cypress Avenue,94947
Cypress Court,94947
D Street,94949
Daisy Mae Court,94947
Daryl Avenue,94947
David Court,94947
Davidor Lane,94945
Davidson Street,94945
Dawes Court,94947
Dawes Street,94947
Days Island Road,94945
de Long Avenue,94945
Deborah Court,94949
Deer Island Lane,94945
Deer Trail,94947
Deerfield Lane,94947
del Mar Avenue,94947
del Oro Lagoon,94949
Denise Court,94945
Denlyn Street,94947
Devonshire Drive,94947
Diablo Avenue,94947
Diablo Court,94947
Dickson Drive,94949
Digital Drive,94949
Dogwood Court,94947
Dolphin Isle,94949
Dominic Drive,94947
Donna Street,94947
Donnelly Court,94947
Dooley Court,94945
Doris Avenue,94947
Dorothy Way,94945
Douglas Court,94947
Dove Place,94949
Dow Lane,94947
Drakewood Lane,94947
Drakewood Place,94947
Driftwood Avenue,94945
Dry Creek Lane,94945
Duarte Court,94949
Dusel Court,94949
E Barberry Drive,94949
E Barberry Place,94949
Eagle Drive,94949
Eagle Gap Court,94949
Eagle Gap Road,94949
Eames Court,94947
East Court,94945
Easy Lane,94947
Edwards Court,94949
Eglin Lane,94949
el Arroyo Place,94949
el Bonito Drive,94949
el Dorado Court,94947
el Granada Circle,94949
el Novato Circle,94945
el Novato Court,94945
Elderberry Court,94945
Eldridge Avenue,94947
Eldridge Court,94947
Elegant Tern Road,94949
Elena Court,94945
Elf Owl Court,94949
Elizabeth Way,94945
Elm Drive,94945
Elmview Way,94949
Elmwood Court,94945
Emerson Avenue,94949
Ena Court,94947
Encina Court,94945
Enfrente Road,94949
English Court,94947
Ensenada Drive,94949
Entrada Drive,94949
Equestrian Court,94945
Erica Court,94947
Escallonia Drive,94945
Escolta Drive,94949
Esquire Court,94949
Essex Drive,94949
Estado Court,94945
Estado Way,94945
Estates Drive,94947
Estrella Court,94945
Estrella Way,94945
Eucalyptus Avenue,94947
Fabian Court,94947
Fairhaven Way,94947
Fairway Drive,94949
Fallen Leaf Way,94949
Farvue Road,94947
Fawn Court,94947
Fawnridge Drive,94945
Feliz Drive,94945
Feliz Road,94945
Ferdinand Way,94949
Fernando Drive,94945
Fernbridge Place,94947
Ferris Drive,94945
Fieldstone Drive,94945
Figtree Lane,94947
Fleetwood Court,94947
Flicker Drive,94949
Flint Court,94949
Fontana Court,94945
Ford Way,94945
Forrest Road,94947
Fox Court,94945
Fox Hollow Place,94945
Franklin Avenue,94947
Fredson Court,94947
Friendly Lane,94945
Front Street,94945
Frosty Lane,94949
Gage Lane,94947
Galli Drive,94949
Galloway Lane,94945
Ganey Court,94947
Gann Way,94949
Garaventa Court,94947
Garden Court,94947
Gardner Court,94949
Garfield Street,94947
Garner Court,94947
Garner Drive,94947
Gazania Court,94945
George Street,94945
George Street,94947
Germaine Place,94949
Gertrude Lane,94947
Glen Lane,94945
Glen Road,94945
Glenhill Court,94947
Going Lane,94947
Golden Gate Place,94945
Goldfinch Court,94947
Goldminer Court,94947
Gothic Drive,94947
Grande Vis,94947
Grandview Avenue,94945
Grant Avenue,94945
Green Oak Drive,94949
Green Oak Place,94949
Green Point Lane,94945
Greenham Court,94949
Greenwood Drive,94947
Gregg Place,94949
Gregor Lane,94947
Grove Lane,94947
Guisela Court,94945
Gum Tree Court,94947
Gustafson Court,94947
H Lane,94945
H Ranch Road,94947
Half Moon Road,94947
Hamilton Drive,94949
Hamilton Pkwy,94949
Hampshire Way,94945
Hampton Lane,94945
Hancock Street,94945
Hangar Avenue,94949
Hanover Court,94947
Hansen Road,94947
Harbor Drive,94945
Harding Drive,94947
Harkle Road,94945
Harris Hill Drive,94947
Harrison Court,94947
Harvest Court,94947
Hatch Road,94947
Hathaway Drive,94949
Havenwood Road,94945
Haverhill Court,94947
Hawk Ridge Court,94949
Hawthorne Terrace,94945
Hayden Avenue,94945
Hayes Street,94947
Hayford Court,94949
Heather Lane,94947
Heaven Hill Road,94945
Hector Lane,94949
Hickman Pass Road,94949
Hickox Road,94947
Hicks Valley Road,94947
Hidden Oakes Drive,94945
Hidden Oaks Drive,94945
Highland Drive,94949
Hilary Court,94947
Hill Road,94945
Hill Road,94947
Hillside Terrace,94945
Hillswood Drive,94947
Holiday Drive,94949
Holly Avenue,94945
Hollyleaf Way,94949
Holstrom Circle,94947
Hotchkin Drive,94947
Hummingbird Way,94949
Hune Court,94947
Hunters Club Road,94945
Hutchings Way,94949
Ignacio Boulevard,94949
Ignacio Lane,94949
Ignacio Valley Circle,94949
Ike Court,94945
Illes Court,94945
Indian Hills Drive,94949
Indian Springs Road,94947
Indian Trail Court,94947
Indian Valley Road,94947
Indian Way,94949
Industrial Way,94947
Inyo Circle,94947
Iolanthus Avenue,94945
Irene Drive,94947
Isabella Court,94945
Jacinto Way,94945
Jack Court,94947
Jackson Court,94947
Jackson Drive,94947
Jacob Court,94945
Jade Court,94945
James Black Circle,94949
James Court,94945
Jamison Court,94947
Jan Way,94947
Jefferson Court,94947
Jeffrey Court,94945
Jennifer Court,94947
Jennifer Lane,94947
Joan Avenue,94947
Johnson Street,94947
Josefa Court,94949
Joyce Street,94947
Juanita Court,94945
Judith Court,94949
Jules Drive,94947
June Lane,94945
Juniper Place,94945
Kaden Court,94947
Kaden Drive,94947
Kaehler Street,94945
Karla Court,94949
Kathleen Drive,94947
Kathy Court,94949
Katlas Court,94945
Kavon Court,94947
Kelly Court,94949
Kelly Drive,94949
Kendon Lane,94947
Kenilworth Court,94945
Kenwood Court,94945
Kingfisher Court,94949
Klamath Way,94947
Knight Court,94945
Knolltop Court,94945
Knolltop Way,94945
Knutte Court,94947
Kristin Lane,94945
Kristin Marie Court,94945
Kristy Court,94947
la Costa Court,94947
la Crescenta Circle,94949
la Merida Court,94945
la Noche Court,94945
la Placita Court,94945
Laconheath Avenue,94949
Laguna Vista Court,94945
Laguna Vista Drive,94945
Lakeview Court,94947
Lambert Way,94945
Lamont Avenue,94945
Landing Court,94945
Langley Lane,94949
Larch Drive,94947
Lark Court,94947
Larkspur Lane,94947
Las Lomas Drive,94949
Las Palmas Avenue,94949
Las Tardes Court,94945
Lassen Lane,94947
Laurel Avenue,94945
Laurel Avenue,94947
Laurelwood Drive,94949
Lauren Avenue,94947
Laurie Court,94947
Laurie Drive,94947
Lavenham Road,94949
Lawrence Drive,94945
Lea Court,94945
Lea Drive,94945
Leafwood Drive,94947
Leafwood Hts,94947
Leese Lane,94945
Leibert Lane,94945
Leisure Acres Road,94947
Leland Drive,94947
Leslie Court,94947
Leveroni Court,94949
Libra Drive,94947
Lilac Place,94949
Linda Court,94947
Lindsay Court,94945
Little Creek Lane,94945
Live Oak Court,94949
Livingston Court,94949
Lobo Vis,94947
Lockton Lane,94945
Logan Street,94945
Logan Street,94947
Loleta Lane,94947
Lomba Vis,94947
Lorraine Court,94947
Los Alondras Court,94947
Los Cedros Drive,94947
Los Dias Court,94945
Los Padres Circle,94947
Los Robles Road,94949
Lotus Court,94945
Louis Drive,94945
Louise Avenue,94947
Lovejoy Way,94949
Lower Williams Valley Road,94947
Lupine Circle,94947
Lynwood Court,94947
Lynwood Drive,94947
Machin Avenue,94945
Madeline Court,94947
Madison Court,94947
Madrid Court,94949
Madrone Street,94945
Mae Court,94947
Maestro Road,94947
Magellan Court,94949
Magnolia Place,94945
Main Gate Road,94949
Malobar Drive,94945
Manchester Court,94947
Manuel Drive,94945
Manuel Drive,94947
Manzanita Avenue,94945
Manzano Court,94945
Maple Court,94947
Marblehead Lane,94949
March Field Court,94949
Marcy Court,94947
Margaret Court,94947
Margarita Terrace,94947
Margory Court,94947
Margret Court,94947
Maria Court,94945
Maria Loretto Court,94949
Marin Oaks Drive,94949
Marin Valley Drive,94949
Marin View Drive,94949
Mariner Way,94945
Marion Avenue,94945
Marion Court,94945
Mariposa Lane,94947
Martin Drive,94949
Martinez Court,94945
Mary Jane Lane,94947
Maybeck Street,94949
Mayford Court,94949
Mc Intosh Court,94949
McClay Road,94947
McClelland Drive,94945
McIntosh Court,94949
McKenzie Street,94945
McKeon Court,94947
Meadow Lane,94947
Meadow View Drive,94949
Meadowbrook Court,94947
Meadowlark Court,94947
Medical Plaza Circle,94947
Meisner Court,94947
Meisner Drive,94947
Mendocino Lane,94947
Merritt Drive,94949
Meyers Court,94947
Michele Circle,94947
Midway Boulevard,94947
Midway Court,94947
Mildenhall Street,94949
Mill Road,94947
Ming Court,94945
Mirabella Avenue,94945
Miranda Court,94947
Mistletoe Lane,94945
Misty Court,94945
Misty Road,94945
Mitch Court,94945
Miwok Drive,94947
Mockingbird Court,94947
Modoc Place,94947
Moffett Court,94949
Monroe Court,94947
Monte Maria Avenue,94947
Monte Vista Avenue,94947
Montego Key,94949
Monterey Court,94945
Montura Way,94949
Moore Road,94949
Mora Lane,94947
Morgan Drive,94949
Morgan Ranch Drive,94945
Morning Star Court,94945
Mosswood Court,94947
Muroc Lake Drive,94949
Murphy Lane,94945
Myrtle Place,94945
Mystic Lane,94949
N Hamilton Pkwy,94949
N Hamilton Road,94949
N Oakwood Drive,94949
N Redwood Drive,94945
Nadina Court,94945
Nancy Drive,94947
Nandina Court,94945
Nassau Court,94949
Nave Court,94947
Nave Drive,94949
Newport Landing Drive,94949
Nina Drive,94947
Nogales Court,94947
Norma Court,94947
Norman Drive,94947
Norman Drive,94949
Norton Avenue,94945
Nova Lane,94945
Novato Boulevard,94947
Nugent Lane,94947
Nunes Drive,94945
Oak Avenue,94945
Oak Crest Court,94947
Oak Forest Road,94949
Oak Grove Drive,94949
Oak Grove Way,94949
Oak Knoll Court,94945
Oak Knoll Road,94947
Oak Park Court,94945
Oak Park Drive,94945
Oak Ridge Terrace,94945
Oak Shade Lane,94945
Oak Valley Drive,94947
Oak View Court,94947
Obertz Lane,94949
Oceano Place,94949
Old Ranch Road,94947
Oleander Street,94945
Oliva Court,94947
Oliva Drive,94947
Olive Avenue,94945
Olive Court,94945
Olympia Way,94949
Orange Avenue,94945
Orchard Way,94947
Oriole Circle,94949
Ormond Court,94947
Oro Court,94947
Owens Drive,94949
Owl Ridge Court,94945
Pacheco Avenue,94947
Pacheco Creek Drive,94949
Pacific Drive,94949
Paladini Road,94947
Palm Drive,94945
Palm Drive,94949
Palmer Drive,94949
Palmo Court,94945
Palmo Way,94945
Palomino Circle,94947
Palomino Road,94947
Pamaron Way,94949
Panorama Drive,94949
Paper Mill Creek Court,94949
Par Lane,94949
Paradise Court,94945
Park Avenue,94945
Park Court,94945
Park Crest Court,94947
Parkwood Drive,94947
Partridge Court,94945
Partridge Drive,94945
Pastel Court,94947
Pastel Lane,94947
Patterson Lane,94949
Paxton Villa Court,94947
Peach Street,94945
Pearl Court,94947
Pebble Beach Drive,94949
Pelican Lane,94949
Penny Lane,94947
Penny Terrace,94945
Pensacola Court,94949
Pepper Creek Way,94947
Petaluma Pt Reyes Road,94947
Philip Terrace,94945
Phillip Terrace,94945
Pico Vis,94947
Pierce Drive,94947
Pierce Lane,94947
Pillsbury Lane,94947
Pimentel Court,94949
Pine Avenue,94947
Pine View Lane,94945
Pinewood Lane,94947
Pinheiro Circle,94945
Pinon Place,94945
Pinto Lane,94947
Pinyon Place,94945
Pioneer Court,94945
Piper Court,94947
Pivato Court,94945
Pizarro Avenue,94949
Plata,94947
Plata Court,94947
Pleasant View Road,94947
Plum Street,94945
Plumas Circle,94947
Plz Amapola,94947
Plz Demira,94947
Plz Hermosa,94947
Plz Linda,94947
Plz Loma,94947
Point Reyes Petaluma Road,94947
Poplar Drive,94945
Poppy Place,94947
Poppy Place,94949
Portsmouth Drive,94949
Posada del Sol,94949
Prairie Falcon Drive,94949
Presidio Drive,94949
Prestwick Court,94949
Professional Center Drive,94947
Puffin Court,94949
Quail Court,94949
Quercus Court,94945
Queva Vis,94947
Quince Court,94947
Raccoon Drive,94949
Racquet Court,94947
Rae Lane,94947
Railroad Avenue,94945
Ramona Court,94945
Ramona Way,94945
Ranch Court,94945
Ranch Drive,94945
Randolph Drive,94949
Ransome Drive,94949
Raposa Vis,94947
Ravine Way,94947
Rebecca Court,94945
Rebecca Way,94945
Rebelo Lane,94947
Red Hill Road,94947
Red Oak Court,94949
Redbud Court,94945
Redhawk Road,94949
Redwood Avenue,94945
Redwood Boulevard,94945
Redwood Boulevard,94947
Redwood Road,94945
Regalia Drive,94947
Regent Court,94947
Reichert Avenue,94945
Reichert Court,94945
Rena Court,94947
Renaissance Road,94945
Renata Court,94947
Rica Vis,94947
Richardson Road,94949
Richardson's Way,94945
Richie Lane,94947
Ridge Road,94947
Ridgeview Court,94947
Ridgeview Hts,94947
Ripley Way,94949
Rising Road,94945
Rita Court,94945
River Vista Court,94945
Robinhood Drive,94945
Robinhood Lane,94945
Roblar Drive,94949
Roca Court,94947
Rockport Way,94947
Rockrose Way,94945
Romar Court,94945
Romero Court,94945
Rondee Lane,94945
Rosalia Court,94945
Rosalia Drive,94945
Rose Court,94945
Rosemary Court,94945
Rosewood Drive,94947
Rowe Ranch Court,94947
Rowe Ranch Drive,94947
Rowe Ranch Drive,94949
Rowe Ranch Way,94947
Rowland Boulevard,94947
Rowland Court,94947
Rowland Way,94945
Roy Court,94947
Royal Oak Terrace,94947
Ruben Court,94947
Rudnick Avenue,94945
Ruhlman Lane,94945
Rush Creek Place,94945
Rush Landing Road,94945
Ruth Court,94947
S Novato Boulevard,94947
S Oakwood Drive,94949
Saddle Lane,94947
Saddle Wood Drive,94945
Saddlebrook Court,94947
Sage Court,94945
Sage Grouse Road,94949
Saint Francis Avenue,94947
Salvatore Drive,94949
Samoa Lane,94947
Samrose Drive,94945
San Aleso Court,94945
San Andreas Drive,94945
San Ardo Court,94945
San Benito Way,94945
San Blas Court,94945
San Carlos Way,94945
San Domingo Way,94945
San Felipe Way,94945
San Gregorio Court,94947
San Joaquin Court,94947
San Joaquin Place,94947
San Jose Boulevard,94949
San Jose Drive,94949
San Juan Court,94945
San Luis Court,94945
San Luis Way,94945
San Marcos Court,94945
San Marin Drive,94945
San Mateo Way,94945
San Miguel Court,94945
San Miguel Way,94945
San Pablo Way,94949
San Paulo Way,94949
San Rafael Avenue,94945
San Rafael Street,94945
San Ramon Way,94945
San Sebastian Drive,94949
Sanchez Way,94947
Sandpiper Court,94949
Sandy Creek Way,94945
Sandy Creek Way,94947
Santa Gabriella Court,94945
Santa Inez Circle,94947
Santa Maria Court,94947
Santa Maria Drive,94947
Santa Victoria Court,94945
Santa Ynez Circle,94947
Santa Yorma Court,94945
Santana Road,94945
Santiago Court,94947
Santolina Drive,94945
Savanna Circle,94947
Scenic Drive,94949
School Road,94945
School Terrace,94945
Scotia Lane,94947
Scott Circle,94949
Scott Court,94945
Scottsdale Way,94947
Scown Lane,94947
Seagull Row,94945
Selfridge Way,94949
Sequoia Glen Lane,94947
Sereno Way,94945
Serra Court,94949
Seventh Street,94945
Seville Way,94949
Shady Lane,94945
Shanklin Court,94945
Shannon Court,94949
Shari Court,94947
Sharilyn Lane,94947
Shasta Lane,94947
Sheila Court,94947
Shep Court,94945
Sherman Avenue,94945
Sherwood Place,94945
Shevelin Road,94947
Shields Lane,94947
Shon Court,94947
Shon Drive,94947
Sierra Vis,94947
Silver Maple Place,94949
Silverberry Court,94949
Silvio Lane,94947
Simmons Court,94945
Simmons Lane,94945
Sinaloa Court,94947
Slodown Court,94947
Somerset Drive,94945
Somerset Place,94945
Sonora Court,94945
Sophia Court,94945
Sotelo Way,94945
South Circle,94949
Spinosa Way,94945
Spruce Place,94945
St Andrews Drive,94949
St John Court,94947
St Paul Circle,94947
Stacy Court,94947
Stanford Court,94947
Stasia Court,94947
Stasia Drive,94947
State Access Road,94949
State Highway 37,94945
Stirrup Lane,94947
Stitt Court,94945
Stone Drive,94947
Stonehaven Court,94947
Stonetree Lane,94945
Storybook Court,94947
Sumac Court,94945
Summers Avenue,94945
Summit Lane,94945
Sun Lane,94947
Sundance Way,94945
Sunny Cove Drive,94949
Sunnybrae Lane,94947
Sunnyhill Road,94945
Sunrise Lane,94949
Sunset Court,94947
Sunset Drive,94949
Sunset Pkwy,94947
Sunset Pkwy,94949
Sunset Trail,94945
Surf Way,94945
Susan Way,94947
Susan Way,94949
Sutro Avenue,94945
Sutro Avenue,94947
Sutro Court,94947
Sutton Lane,94945
Sweetser Avenue,94945
Sycamore Drive,94945
Syl Dor Lane,94947
Sylvia Circle,94947
Syosset Lane,94947
Taft Court,94947
Tahoe Circle,94947
Tamalpais Avenue,94947
Tamarack Place,94945
Tamarin Lane,94945
Tamaruck Place,94945
Tan Oak Way,94949
Tanbark Court,94945
Tara Lane,94945
Taurus Drive,94947
Tenaya Lane,94947
Terry Circle,94947
Theresa Court,94947
Thomas Court,94947
Thornton Court,94945
Thorsson Court,94947
Thunderbird Court,94949
Thunderbird Drive,94949
Tiki Road,94945
Tilden Drive,94947
Timothy Court,94949
Tinker Way,94949
Tomahawk Court,94949
Topaz Drive,94945
Trailview Court,94945
Tree Lane,94947
Trinity Drive,94947
Trish Drive,94947
Truman Drive,94947
Trumbull Avenue,94947
Trumbull Court,94947
Turner Drive,94949
Twin Creeks Court,94947
Tyler Street,94947
Ulloa Drive,94949
Upland Lane,94945
Valencia Court,94945
Valle View Court,94945
Vallejo Avenue,94945
Valley Drive,94949
Valley Oak Court,94947
Valleyview Terrace,94949
Van Buren Court,94947
Velasco Court,94949
Vera Cruz Avenue,94949
Verdad Way,94945
Verissimo Drive,94947
Via del Plano,94949
Via Escondida,94949
Via Escondido,94949
Via Herbosa,94949
Victor Court,94947
Vida Court,94947
Viejo Way,94945
View Ridge Drive,94949
Villa Maria Court,94947
Villa Place,94945
Villa Vista Court,94947
Village Circle,94947
Vincent Lane,94945
Vineyard Court,94947
Vineyard Road,94947
Vintage Way,94945
Virginia Avenue,94945
Vivian Court,94947
W Brooke Drive,94947
W Kelly Drive,94949
W Orange Avenue,94945
Wali Trail,94947
Wallace Court,94947
Walnut Court,94945
Walnut Place,94945
Washington Street,94947
Wendy Court,94945
Wentworth Lane,94949
Werner Court,94947
West Court,94945
Western Drive,94947
Westover Circle,94949
Westridge Lane,94945
Westwood Drive,94945
White Oak Way,94949
Wild Horse Valley Drive,94947
Wild Oak Drive,94949
Wildwood Lane,94947
William Road,94945
Williamson Court,94947
Willow Court,94945
Wilmac Avenue,94947
Wilson Avenue,94947
Wilson Hill Court,94945
Wimbledon Court,94949
Winding Way,94945
Windmill Place,94945
Winged Foot Drive,94949
Wintergreen Court,94945
Wisteria Court,94945
Womack Court,94947
Wood Hollow Drive,94945
Woodbridge Way,94949
Woodfern Court,94949
Woodgate Place,94945
Woodland Court,94947
Woodleaf Court,94945
Woodside Court,94947
Woodview Lane,94945
Wyworry Court,94947
Yarrow Lane,94947
Yukon Place,94947
Yukon Way,94947
Zanco Way,94947
Zandra Place,94945
Zoila Court,94947

